,id,created_at,gst_amount,usdc_amount
0,1,2022-02-15 00:01:04,499369,1316596
0,2,2022-02-15 00:02:02,499358,1316625
0,3,2022-02-15 00:03:02,499146,1317188
0,4,2022-02-15 00:04:03,499241,1316938
0,5,2022-02-15 00:05:02,500436,1313800
0,6,2022-02-15 00:06:08,500271,1314236
0,7,2022-02-15 00:07:02,500271,1314236
0,8,2022-02-15 00:08:02,500271,1314236
0,9,2022-02-15 00:09:02,500773,1312923
0,10,2022-02-15 00:10:10,501011,1312307
0,11,2022-02-15 00:11:02,501011,1312307
0,12,2022-02-15 00:12:03,502202,1309205
0,13,2022-02-15 00:13:02,502158,1309320
0,14,2022-02-15 00:14:01,502769,1307732
0,15,2022-02-15 00:15:04,502661,1308015
0,16,2022-02-15 00:16:02,502456,1308549
0,17,2022-02-15 00:17:04,502466,1308523
0,18,2022-02-15 00:18:03,502494,1308451
0,19,2022-02-15 00:19:03,502474,1308504
0,20,2022-02-15 00:20:02,502048,1309619
0,21,2022-02-15 00:21:04,501744,1310414
0,22,2022-02-15 00:22:02,501707,1310511
0,23,2022-02-15 00:23:03,501847,1310146
0,24,2022-02-15 00:24:02,501734,1310445
0,25,2022-02-15 00:25:01,501482,1311105
0,26,2022-02-15 00:26:02,501732,1310454
0,27,2022-02-15 00:27:02,501732,1310454
0,28,2022-02-15 00:28:04,501878,1310073
0,29,2022-02-15 00:29:02,501876,1310078
0,30,2022-02-15 00:30:02,501846,1310157
0,31,2022-02-15 00:31:01,500997,1312383
0,32,2022-02-15 00:32:02,501599,1310812
0,33,2022-02-15 00:33:02,502028,1309697
0,34,2022-02-15 00:34:02,501766,1310381
0,35,2022-02-15 00:35:02,501766,1310382
0,36,2022-02-15 00:36:02,501399,1311357
0,37,2022-02-15 00:37:02,501449,1311228
0,38,2022-02-15 00:38:02,501449,1311228
0,39,2022-02-15 00:39:08,501084,1312187
0,40,2022-02-15 00:40:02,501976,1309862
0,41,2022-02-15 00:41:01,503126,1306876
0,42,2022-02-15 00:42:01,504012,1304587
0,43,2022-02-15 00:43:02,504012,1304587
0,44,2022-02-15 00:44:07,503680,1305449
0,45,2022-02-15 00:45:02,503681,1305446
0,46,2022-02-15 00:46:02,503676,1305459
0,47,2022-02-15 00:47:02,503676,1305459
0,48,2022-02-15 00:48:02,503654,1305516
0,49,2022-02-15 00:49:06,503654,1305516
0,50,2022-02-15 00:50:02,503654,1305516
0,51,2022-02-15 00:51:02,503668,1305479
0,52,2022-02-15 00:52:02,503668,1305479
0,53,2022-02-15 00:53:02,503668,1305479
0,54,2022-02-15 00:54:02,503668,1305479
0,55,2022-02-15 00:55:02,503465,1306009
0,56,2022-02-15 00:56:03,503476,1305979
0,57,2022-02-15 00:57:06,503480,1305969
0,58,2022-02-15 00:58:02,503480,1305969
0,59,2022-02-15 00:59:03,499145,1317347
0,60,2022-02-15 01:00:03,499145,1317347
0,61,2022-02-15 01:01:05,499155,1317321
0,62,2022-02-15 01:02:02,499155,1317321
0,63,2022-02-15 01:03:03,499083,1317514
0,64,2022-02-15 01:04:02,501143,1312112
0,65,2022-02-15 01:05:02,501138,1312126
0,66,2022-02-15 01:06:04,501412,1311417
0,67,2022-02-15 01:07:03,502056,1309740
0,68,2022-02-15 01:08:10,502764,1307899
0,69,2022-02-15 01:09:02,502524,1308526
0,70,2022-02-15 01:10:02,502813,1307782
0,71,2022-02-15 01:11:02,502671,1308154
0,72,2022-02-15 01:12:02,503223,1306723
0,73,2022-02-15 01:13:03,503236,1306690
0,74,2022-02-15 01:14:02,503208,1306764
0,75,2022-02-15 01:15:01,503219,1306735
0,76,2022-02-15 01:16:02,503229,1306709
0,77,2022-02-15 01:17:03,503229,1306709
0,78,2022-02-15 01:18:02,503604,1305742
0,79,2022-02-15 01:19:04,504238,1304106
0,80,2022-02-15 01:20:03,504238,1304106
0,81,2022-02-15 01:21:02,504271,1304019
0,82,2022-02-15 01:22:02,504268,1304029
0,83,2022-02-15 01:23:01,504755,1302773
0,84,2022-02-15 01:24:03,504755,1302773
0,85,2022-02-15 01:25:02,504401,1303692
0,86,2022-02-15 01:26:04,504419,1303644
0,87,2022-02-15 01:27:03,504419,1303644
0,88,2022-02-15 01:28:02,504415,1303654
0,89,2022-02-15 01:29:02,504415,1303654
0,90,2022-02-15 01:30:01,504415,1303654
0,91,2022-02-15 01:31:03,504415,1303654
0,92,2022-02-15 01:32:02,504415,1303654
0,93,2022-02-15 01:33:02,504415,1303654
0,94,2022-02-15 01:34:01,504415,1303654
0,95,2022-02-15 01:35:04,504415,1303654
0,96,2022-02-15 01:36:02,504514,1303399
0,97,2022-02-15 01:37:05,504514,1303399
0,98,2022-02-15 01:38:03,501847,1310351
0,99,2022-02-15 01:39:02,501847,1310351
0,100,2022-02-15 01:40:02,502779,1307933
0,101,2022-02-15 01:41:02,502779,1307933
0,102,2022-02-15 01:42:04,502044,1309853
0,103,2022-02-15 01:43:01,501996,1309980
0,104,2022-02-15 01:44:02,501780,1310544
0,105,2022-02-15 01:45:02,501780,1310544
0,106,2022-02-15 01:46:02,503218,1306810
0,107,2022-02-15 01:47:01,503255,1306716
0,108,2022-02-15 01:48:02,503217,1306813
0,109,2022-02-15 01:49:02,503245,1306742
0,110,2022-02-15 01:50:06,503079,1307186
0,111,2022-02-15 01:51:02,503079,1307186
0,112,2022-02-15 01:52:03,503079,1307186
0,113,2022-02-15 01:53:05,502863,1307750
0,114,2022-02-15 01:54:03,503161,1306978
0,115,2022-02-15 01:55:06,503181,1306926
0,116,2022-02-15 01:56:02,503180,1306929
0,117,2022-02-15 01:57:03,503180,1306929
0,118,2022-02-15 01:58:01,503068,1307221
0,119,2022-02-15 01:59:10,502845,1307803
0,120,2022-02-15 02:00:04,503347,1306513
0,121,2022-02-15 02:01:02,502418,1308937
0,122,2022-02-15 02:02:03,502415,1308946
0,123,2022-02-15 02:03:01,502415,1308946
0,124,2022-02-15 02:04:02,502415,1308946
0,125,2022-02-15 02:05:02,502415,1308946
0,126,2022-02-15 02:06:01,502403,1308975
0,127,2022-02-15 02:07:02,503082,1307214
0,128,2022-02-15 02:08:03,503082,1307214
0,129,2022-02-15 02:09:03,502889,1307717
0,130,2022-02-15 02:10:02,502900,1307690
0,131,2022-02-15 02:11:02,502900,1307690
0,132,2022-02-15 02:12:03,502900,1307690
0,133,2022-02-15 02:13:02,502900,1307690
0,134,2022-02-15 02:14:07,502900,1307690
0,135,2022-02-15 02:15:03,502880,1307741
0,136,2022-02-15 02:16:02,502880,1307741
0,137,2022-02-15 02:17:02,502880,1307741
0,138,2022-02-15 02:18:02,503903,1305095
0,139,2022-02-15 02:19:03,503903,1305095
0,140,2022-02-15 02:20:02,503903,1305095
0,141,2022-02-15 02:21:01,503898,1305108
0,142,2022-02-15 02:22:01,503898,1305108
0,143,2022-02-15 02:23:08,503853,1305224
0,144,2022-02-15 02:24:01,503853,1305224
0,145,2022-02-15 02:25:03,503853,1305224
0,146,2022-02-15 02:26:04,503668,1305707
0,147,2022-02-15 02:27:07,503668,1305707
0,148,2022-02-15 02:28:02,503667,1305707
0,149,2022-02-15 02:29:01,503622,1305826
0,150,2022-02-15 02:30:03,503622,1305826
0,151,2022-02-15 02:31:01,503622,1305826
0,152,2022-02-15 02:32:02,503638,1305783
0,153,2022-02-15 02:33:04,503610,1305856
0,154,2022-02-15 02:34:02,504269,1304156
0,155,2022-02-15 02:35:02,504269,1304156
0,156,2022-02-15 02:36:03,504269,1304156
0,157,2022-02-15 02:37:03,504269,1304156
0,158,2022-02-15 02:38:01,504603,1303294
0,159,2022-02-15 02:39:02,504592,1303323
0,160,2022-02-15 02:40:02,504592,1303323
0,161,2022-02-15 02:41:02,504518,1303516
0,162,2022-02-15 02:42:08,504518,1303516
0,163,2022-02-15 02:43:02,504518,1303516
0,164,2022-02-15 02:44:02,504567,1303389
0,165,2022-02-15 02:45:02,504535,1303473
0,166,2022-02-15 02:46:03,504460,1303666
0,167,2022-02-15 02:47:02,504456,1303675
0,168,2022-02-15 02:48:02,504470,1303641
0,169,2022-02-15 02:49:04,504470,1303641
0,170,2022-02-15 02:50:07,502660,1308349
0,171,2022-02-15 02:51:02,502660,1308349
0,172,2022-02-15 02:52:03,502660,1308349
0,173,2022-02-15 02:53:02,502660,1308349
0,174,2022-02-15 02:54:04,502624,1308443
0,175,2022-02-15 02:55:02,502624,1308443
0,176,2022-02-15 02:56:02,502628,1308433
0,177,2022-02-15 02:57:01,502617,1308461
0,178,2022-02-15 02:58:02,501918,1310291
0,179,2022-02-15 02:59:02,501981,1310127
0,180,2022-02-15 03:00:03,501755,1310718
0,181,2022-02-15 03:01:01,501796,1310611
0,182,2022-02-15 03:02:01,501796,1310611
0,183,2022-02-15 03:03:03,501796,1310611
0,184,2022-02-15 03:04:02,501750,1310734
0,185,2022-02-15 03:05:04,501750,1310734
0,186,2022-02-15 03:06:02,501750,1310734
0,187,2022-02-15 03:07:02,501750,1310734
0,188,2022-02-15 03:08:02,501766,1310690
0,189,2022-02-15 03:09:02,501776,1310664
0,190,2022-02-15 03:10:02,501762,1310702
0,191,2022-02-15 03:11:01,501774,1310670
0,192,2022-02-15 03:12:03,501774,1310670
0,193,2022-02-15 03:13:03,501774,1310670
0,194,2022-02-15 03:14:01,501774,1310670
0,195,2022-02-15 03:15:02,501774,1310670
0,196,2022-02-15 03:16:04,501774,1310670
0,197,2022-02-15 03:17:03,501886,1310379
0,198,2022-02-15 03:18:02,501886,1310379
0,199,2022-02-15 03:19:03,501886,1310379
0,200,2022-02-15 03:20:02,501856,1310457
0,201,2022-02-15 03:21:02,501874,1310411
0,202,2022-02-15 03:22:02,501915,1310304
0,203,2022-02-15 03:23:03,501915,1310304
0,204,2022-02-15 03:24:03,501915,1310304
0,205,2022-02-15 03:25:04,501915,1310304
0,206,2022-02-15 03:26:02,501915,1310304
0,207,2022-02-15 03:27:02,501915,1310304
0,208,2022-02-15 03:28:02,501929,1310266
0,209,2022-02-15 03:29:02,501867,1310429
0,210,2022-02-15 03:30:04,501867,1310429
0,211,2022-02-15 03:31:03,501867,1310429
0,212,2022-02-15 03:32:03,501883,1310387
0,213,2022-02-15 03:33:07,501883,1310387
0,214,2022-02-15 03:34:02,501883,1310387
0,215,2022-02-15 03:35:02,501880,1310395
0,216,2022-02-15 03:36:03,501880,1310395
0,217,2022-02-15 03:37:02,501880,1310395
0,218,2022-02-15 03:38:02,501880,1310395
0,219,2022-02-15 03:39:02,501837,1310510
0,220,2022-02-15 03:40:03,501837,1310510
0,221,2022-02-15 03:41:02,501837,1310510
0,222,2022-02-15 03:42:05,501775,1310671
0,223,2022-02-15 03:43:02,501830,1310528
0,224,2022-02-15 03:44:03,501830,1310528
0,225,2022-02-15 03:45:01,501830,1310528
0,226,2022-02-15 03:46:03,502813,1307973
0,227,2022-02-15 03:47:04,502799,1308011
0,228,2022-02-15 03:48:04,502798,1308011
0,229,2022-02-15 03:49:02,502731,1308187
0,230,2022-02-15 03:50:02,502710,1308242
0,231,2022-02-15 03:51:01,502710,1308242
0,232,2022-02-15 03:52:03,502710,1308242
0,233,2022-02-15 03:53:03,502675,1308332
0,234,2022-02-15 03:54:03,502639,1308428
0,235,2022-02-15 03:55:03,502639,1308428
0,236,2022-02-15 03:56:04,502680,1308321
0,237,2022-02-15 03:57:05,502468,1308876
0,238,2022-02-15 03:58:02,502468,1308876
0,239,2022-02-15 03:59:04,502468,1308876
0,240,2022-02-15 04:00:01,502511,1308763
0,241,2022-02-15 04:01:04,502511,1308763
0,242,2022-02-15 04:02:02,502511,1308763
0,243,2022-02-15 04:03:01,502511,1308763
0,244,2022-02-15 04:04:02,502511,1308763
0,245,2022-02-15 04:05:02,502511,1308763
0,246,2022-02-15 04:06:02,502352,1309179
0,247,2022-02-15 04:07:03,502352,1309179
0,248,2022-02-15 04:08:03,502155,1309693
0,249,2022-02-15 04:09:02,502141,1309731
0,250,2022-02-15 04:10:04,502141,1309731
0,251,2022-02-15 04:11:04,502105,1309825
0,252,2022-02-15 04:12:02,501746,1310766
0,253,2022-02-15 04:13:02,501746,1310766
0,254,2022-02-15 04:14:02,501744,1310771
0,255,2022-02-15 04:15:02,501679,1310940
0,256,2022-02-15 04:16:02,501597,1311156
0,257,2022-02-15 04:17:02,500680,1313565
0,258,2022-02-15 04:18:02,500690,1313537
0,259,2022-02-15 04:19:02,500690,1313537
0,260,2022-02-15 04:20:03,500676,1313575
0,261,2022-02-15 04:21:02,500733,1313426
0,262,2022-02-15 04:22:01,500733,1313426
0,263,2022-02-15 04:23:03,500733,1313426
0,264,2022-02-15 04:24:06,500733,1313426
0,265,2022-02-15 04:25:02,500733,1313426
0,266,2022-02-15 04:26:02,500729,1313436
0,267,2022-02-15 04:27:02,500737,1313416
0,268,2022-02-15 04:28:02,500737,1313416
0,269,2022-02-15 04:29:02,500737,1313416
0,270,2022-02-15 04:30:05,500737,1313416
0,271,2022-02-15 04:31:02,500733,1313425
0,272,2022-02-15 04:32:02,500795,1313263
0,273,2022-02-15 04:33:01,500959,1312836
0,274,2022-02-15 04:34:03,500942,1312879
0,275,2022-02-15 04:35:02,500936,1312896
0,276,2022-02-15 04:36:03,500936,1312896
0,277,2022-02-15 04:37:03,500888,1313023
0,278,2022-02-15 04:38:02,500860,1313095
0,279,2022-02-15 04:39:01,500860,1313095
0,280,2022-02-15 04:40:02,500860,1313095
0,281,2022-02-15 04:41:02,500842,1313142
0,282,2022-02-15 04:42:03,500842,1313142
0,283,2022-02-15 04:43:02,500842,1313142
0,284,2022-02-15 04:44:02,500858,1313102
0,285,2022-02-15 04:45:02,500858,1313102
0,286,2022-02-15 04:46:05,500848,1313129
0,287,2022-02-15 04:47:02,500848,1313129
0,288,2022-02-15 04:48:04,500865,1313083
0,289,2022-02-15 04:49:02,500865,1313083
0,290,2022-02-15 04:50:01,500865,1313083
0,291,2022-02-15 04:51:03,500875,1313056
0,292,2022-02-15 04:52:04,500875,1313056
0,293,2022-02-15 04:53:01,500875,1313056
0,294,2022-02-15 04:54:02,500875,1313056
0,295,2022-02-15 04:55:01,500875,1313056
0,296,2022-02-15 04:56:02,500875,1313056
0,297,2022-02-15 04:57:03,500875,1313056
0,298,2022-02-15 04:58:02,500875,1313056
0,299,2022-02-15 04:59:07,500875,1313056
0,300,2022-02-15 05:00:02,500857,1313103
0,301,2022-02-15 05:01:02,500857,1313103
0,302,2022-02-15 05:02:02,500857,1313103
0,303,2022-02-15 05:03:07,500846,1313133
0,304,2022-02-15 05:04:02,500846,1313133
0,305,2022-02-15 05:05:02,500656,1313633
0,306,2022-02-15 05:06:03,500656,1313633
0,307,2022-02-15 05:07:06,500631,1313700
0,308,2022-02-15 05:08:02,500631,1313700
0,309,2022-02-15 05:09:02,500631,1313700
0,310,2022-02-15 05:10:03,500631,1313700
0,311,2022-02-15 05:11:02,500631,1313700
0,312,2022-02-15 05:12:07,500631,1313700
0,313,2022-02-15 05:13:02,500613,1313747
0,314,2022-02-15 05:14:02,500613,1313747
0,315,2022-02-15 05:15:03,500584,1313824
0,316,2022-02-15 05:16:03,500584,1313824
0,317,2022-02-15 05:17:02,500400,1314309
0,318,2022-02-15 05:18:03,500400,1314309
0,319,2022-02-15 05:19:03,500128,1315025
0,320,2022-02-15 05:20:07,500128,1315025
0,321,2022-02-15 05:21:03,500148,1314973
0,322,2022-02-15 05:22:02,500144,1314982
0,323,2022-02-15 05:23:03,500144,1314982
0,324,2022-02-15 05:24:02,500144,1314982
0,325,2022-02-15 05:25:02,500144,1314982
0,326,2022-02-15 05:26:04,500144,1314982
0,327,2022-02-15 05:27:02,500144,1314982
0,328,2022-02-15 05:28:02,500144,1314982
0,329,2022-02-15 05:29:02,500144,1314982
0,330,2022-02-15 05:30:03,500144,1314982
0,331,2022-02-15 05:31:01,500144,1314982
0,332,2022-02-15 05:32:02,500144,1314982
0,333,2022-02-15 05:33:05,500158,1314947
0,334,2022-02-15 05:34:02,500132,1315014
0,335,2022-02-15 05:35:03,500132,1315014
0,336,2022-02-15 05:36:02,500131,1315017
0,337,2022-02-15 05:37:01,500131,1315017
0,338,2022-02-15 05:38:02,499898,1315632
0,339,2022-02-15 05:39:02,499912,1315596
0,340,2022-02-15 05:40:01,499912,1315596
0,341,2022-02-15 05:41:04,499814,1315856
0,342,2022-02-15 05:42:02,499814,1315856
0,343,2022-02-15 05:43:01,499814,1315856
0,344,2022-02-15 05:44:03,499814,1315856
0,345,2022-02-15 05:45:01,499814,1315856
0,346,2022-02-15 05:46:02,499825,1315827
0,347,2022-02-15 05:47:02,499822,1315833
0,348,2022-02-15 05:48:03,499822,1315834
0,349,2022-02-15 05:49:03,499806,1315877
0,350,2022-02-15 05:50:02,499789,1315921
0,351,2022-02-15 05:51:02,499794,1315909
0,352,2022-02-15 05:52:04,499794,1315909
0,353,2022-02-15 05:53:01,499794,1315909
0,354,2022-02-15 05:54:02,499794,1315909
0,355,2022-02-15 05:55:03,499776,1315957
0,356,2022-02-15 05:56:03,499773,1315964
0,357,2022-02-15 05:57:02,499767,1315978
0,358,2022-02-15 05:58:02,499767,1315978
0,359,2022-02-15 05:59:03,499767,1315978
0,360,2022-02-15 06:00:02,499652,1316284
0,361,2022-02-15 06:01:03,499652,1316284
0,362,2022-02-15 06:02:07,499652,1316284
0,363,2022-02-15 06:03:02,499620,1316368
0,364,2022-02-15 06:04:02,499617,1316377
0,365,2022-02-15 06:05:02,499595,1316435
0,366,2022-02-15 06:06:03,499595,1316435
0,367,2022-02-15 06:07:01,499595,1316435
0,368,2022-02-15 06:08:06,499589,1316450
0,369,2022-02-15 06:09:01,499589,1316450
0,370,2022-02-15 06:10:02,499586,1316459
0,371,2022-02-15 06:11:03,499586,1316459
0,372,2022-02-15 06:12:02,499486,1316723
0,373,2022-02-15 06:13:02,499486,1316723
0,374,2022-02-15 06:14:02,499522,1316630
0,375,2022-02-15 06:15:03,499522,1316630
0,376,2022-02-15 06:16:03,499522,1316630
0,377,2022-02-15 06:17:01,499522,1316630
0,378,2022-02-15 06:18:02,499514,1316649
0,379,2022-02-15 06:19:02,499510,1316659
0,380,2022-02-15 06:20:02,499502,1316681
0,381,2022-02-15 06:21:02,499502,1316681
0,382,2022-02-15 06:22:01,499488,1316719
0,383,2022-02-15 06:23:02,499488,1316719
0,384,2022-02-15 06:24:02,499488,1316719
0,385,2022-02-15 06:25:05,499541,1316632
0,386,2022-02-15 06:26:02,499541,1316632
0,387,2022-02-15 06:27:02,499541,1316632
0,388,2022-02-15 06:28:06,499541,1316632
0,389,2022-02-15 06:29:02,499369,1317086
0,390,2022-02-15 06:30:02,499369,1317086
0,391,2022-02-15 06:31:02,499369,1317086
0,392,2022-02-15 06:32:05,499401,1317003
0,393,2022-02-15 06:33:02,499161,1317637
0,394,2022-02-15 06:34:02,499161,1317637
0,395,2022-02-15 06:35:02,499126,1317731
0,396,2022-02-15 06:36:02,499218,1317488
0,397,2022-02-15 06:37:04,499218,1317488
0,398,2022-02-15 06:38:02,499218,1317488
0,399,2022-02-15 06:39:02,499218,1317488
0,400,2022-02-15 06:40:02,499218,1317488
0,401,2022-02-15 06:41:02,499218,1317488
0,402,2022-02-15 06:42:03,499185,1317575
0,403,2022-02-15 06:43:03,499185,1317575
0,404,2022-02-15 06:44:02,499185,1317575
0,405,2022-02-15 06:45:06,498982,1318112
0,406,2022-02-15 06:46:04,498960,1318173
0,407,2022-02-15 06:47:02,498985,1318107
0,408,2022-02-15 06:48:02,498995,1318081
0,409,2022-02-15 06:49:02,498991,1318090
0,410,2022-02-15 06:50:01,499058,1317915
0,411,2022-02-15 06:51:02,499058,1317915
0,412,2022-02-15 06:52:03,499058,1317915
0,413,2022-02-15 06:53:07,499054,1317924
0,414,2022-02-15 06:54:03,499054,1317924
0,415,2022-02-15 06:55:02,498978,1318126
0,416,2022-02-15 06:56:02,498978,1318126
0,417,2022-02-15 06:57:08,498978,1318126
0,418,2022-02-15 06:58:02,498971,1318145
0,419,2022-02-15 06:59:03,498834,1318509
0,420,2022-02-15 07:00:02,498843,1318485
0,421,2022-02-15 07:01:03,498843,1318485
0,422,2022-02-15 07:02:05,498800,1318598
0,423,2022-02-15 07:03:02,498797,1318606
0,424,2022-02-15 07:04:02,498451,1319524
0,425,2022-02-15 07:05:02,498749,1318739
0,426,2022-02-15 07:06:02,498871,1318417
0,427,2022-02-15 07:07:03,498871,1318417
0,428,2022-02-15 07:08:01,498871,1318417
0,429,2022-02-15 07:09:01,498871,1318417
0,430,2022-02-15 07:10:05,498867,1318427
0,431,2022-02-15 07:11:02,498867,1318427
0,432,2022-02-15 07:12:02,498852,1318467
0,433,2022-02-15 07:13:02,498852,1318467
0,434,2022-02-15 07:14:02,498862,1318441
0,435,2022-02-15 07:15:02,498862,1318441
0,436,2022-02-15 07:16:02,498868,1318425
0,437,2022-02-15 07:17:01,498878,1318399
0,438,2022-02-15 07:18:02,498878,1318399
0,439,2022-02-15 07:19:01,498878,1318399
0,440,2022-02-15 07:20:02,498878,1318399
0,441,2022-02-15 07:21:03,498478,1319461
0,442,2022-02-15 07:22:01,498478,1319461
0,443,2022-02-15 07:23:04,498468,1319488
0,444,2022-02-15 07:24:02,498450,1319536
0,445,2022-02-15 07:25:02,498281,1319985
0,446,2022-02-15 07:26:02,498281,1319985
0,447,2022-02-15 07:27:02,498102,1320460
0,448,2022-02-15 07:28:03,498139,1320361
0,449,2022-02-15 07:29:02,498139,1320361
0,450,2022-02-15 07:30:04,498179,1320256
0,451,2022-02-15 07:31:02,498209,1320177
0,452,2022-02-15 07:32:02,498209,1320177
0,453,2022-02-15 07:33:03,497973,1320805
0,454,2022-02-15 07:34:02,497973,1320805
0,455,2022-02-15 07:35:02,497950,1320866
0,456,2022-02-15 07:36:03,497950,1320866
0,457,2022-02-15 07:37:03,497541,1321955
0,458,2022-02-15 07:38:03,497509,1322041
0,459,2022-02-15 07:39:02,497363,1322435
0,460,2022-02-15 07:40:02,497363,1322435
0,461,2022-02-15 07:41:04,497287,1322649
0,462,2022-02-15 07:42:03,497287,1322649
0,463,2022-02-15 07:43:02,497200,1322882
0,464,2022-02-15 07:44:04,497184,1322924
0,465,2022-02-15 07:45:07,497232,1322798
0,466,2022-02-15 07:46:02,497251,1322748
0,467,2022-02-15 07:47:04,497236,1322787
0,468,2022-02-15 07:48:02,497236,1322787
0,469,2022-02-15 07:49:01,497236,1322787
0,470,2022-02-15 07:50:02,497236,1322787
0,471,2022-02-15 07:51:02,497226,1322814
0,472,2022-02-15 07:52:02,497296,1322629
0,473,2022-02-15 07:53:01,497278,1322677
0,474,2022-02-15 07:54:02,497241,1322775
0,475,2022-02-15 07:55:03,496998,1323425
0,476,2022-02-15 07:56:02,496998,1323425
0,477,2022-02-15 07:57:01,496989,1323449
0,478,2022-02-15 07:58:02,496960,1323526
0,479,2022-02-15 07:59:04,496955,1323540
0,480,2022-02-15 08:00:03,496952,1323548
0,481,2022-02-15 08:01:02,496916,1323644
0,482,2022-02-15 08:02:02,496916,1323644
0,483,2022-02-15 08:03:01,496916,1323644
0,484,2022-02-15 08:04:01,496911,1323656
0,485,2022-02-15 08:05:02,496911,1323656
0,486,2022-02-15 08:06:02,496911,1323656
0,487,2022-02-15 08:07:02,496910,1323659
0,488,2022-02-15 08:08:02,496651,1324353
0,489,2022-02-15 08:09:01,496622,1324430
0,490,2022-02-15 08:10:03,496622,1324430
0,491,2022-02-15 08:11:03,496622,1324430
0,492,2022-02-15 08:12:03,496560,1324597
0,493,2022-02-15 08:13:03,496560,1324597
0,494,2022-02-15 08:14:02,496560,1324597
0,495,2022-02-15 08:15:02,496452,1324885
0,496,2022-02-15 08:16:02,496387,1325060
0,497,2022-02-15 08:17:02,496281,1325341
0,498,2022-02-15 08:18:04,496272,1325368
0,499,2022-02-15 08:19:03,496077,1325890
0,500,2022-02-15 08:20:03,496077,1325890
0,501,2022-02-15 08:21:04,496077,1325890
0,502,2022-02-15 08:22:02,496077,1325890
0,503,2022-02-15 08:23:03,496077,1325889
0,504,2022-02-15 08:24:04,496077,1325889
0,505,2022-02-15 08:25:03,496077,1325889
0,506,2022-02-15 08:26:03,496077,1325889
0,507,2022-02-15 08:27:02,496077,1325889
0,508,2022-02-15 08:28:08,496077,1325889
0,509,2022-02-15 08:29:02,496077,1325889
0,510,2022-02-15 08:30:03,496052,1325958
0,511,2022-02-15 08:31:02,496143,1325713
0,512,2022-02-15 08:32:02,496143,1325713
0,513,2022-02-15 08:33:02,496036,1326001
0,514,2022-02-15 08:34:02,496159,1325675
0,515,2022-02-15 08:35:02,496205,1325552
0,516,2022-02-15 08:36:02,496205,1325552
0,517,2022-02-15 08:37:03,496216,1325523
0,518,2022-02-15 08:38:02,496220,1325513
0,519,2022-02-15 08:39:03,496220,1325513
0,520,2022-02-15 08:40:02,495540,1327337
0,521,2022-02-15 08:41:01,495504,1327433
0,522,2022-02-15 08:42:02,495236,1328155
0,523,2022-02-15 08:43:07,495169,1328335
0,524,2022-02-15 08:44:02,495090,1328548
0,525,2022-02-15 08:45:02,495077,1328582
0,526,2022-02-15 08:46:02,495077,1328582
0,527,2022-02-15 08:47:02,495077,1328582
0,528,2022-02-15 08:48:02,495087,1328555
0,529,2022-02-15 08:49:03,495087,1328555
0,530,2022-02-15 08:50:06,495087,1328555
0,531,2022-02-15 08:51:03,495107,1328502
0,532,2022-02-15 08:52:03,494598,1329875
0,533,2022-02-15 08:53:03,494598,1329875
0,534,2022-02-15 08:54:03,494626,1329799
0,535,2022-02-15 08:55:03,494626,1329799
0,536,2022-02-15 08:56:02,494382,1330460
0,537,2022-02-15 08:57:01,494378,1330470
0,538,2022-02-15 08:58:04,494497,1330153
0,539,2022-02-15 08:59:03,494493,1330162
0,540,2022-02-15 09:00:02,494493,1330162
0,541,2022-02-15 09:01:02,494493,1330162
0,542,2022-02-15 09:02:03,494503,1330135
0,543,2022-02-15 09:03:02,494584,1329918
0,544,2022-02-15 09:04:02,494584,1329918
0,545,2022-02-15 09:05:02,494584,1329918
0,546,2022-02-15 09:06:03,494584,1329918
0,547,2022-02-15 09:07:02,494654,1329731
0,548,2022-02-15 09:08:03,494652,1329736
0,549,2022-02-15 09:09:02,494652,1329736
0,550,2022-02-15 09:10:03,494452,1330275
0,551,2022-02-15 09:11:02,494408,1330394
0,552,2022-02-15 09:12:07,494458,1330260
0,553,2022-02-15 09:13:02,494455,1330268
0,554,2022-02-15 09:14:02,494469,1330231
0,555,2022-02-15 09:15:03,494469,1330231
0,556,2022-02-15 09:16:01,494469,1330231
0,557,2022-02-15 09:17:06,494469,1330231
0,558,2022-02-15 09:18:02,494284,1330731
0,559,2022-02-15 09:19:03,494284,1330731
0,560,2022-02-15 09:20:03,494284,1330731
0,561,2022-02-15 09:21:01,494284,1330731
0,562,2022-02-15 09:22:07,494248,1330828
0,563,2022-02-15 09:23:02,494050,1331361
0,564,2022-02-15 09:24:02,494050,1331361
0,565,2022-02-15 09:25:04,494050,1331361
0,566,2022-02-15 09:26:03,494050,1331361
0,567,2022-02-15 09:27:05,494050,1331361
0,568,2022-02-15 09:28:01,494050,1331361
0,569,2022-02-15 09:29:01,494050,1331361
0,570,2022-02-15 09:30:03,494062,1331329
0,571,2022-02-15 09:31:01,494044,1331378
0,572,2022-02-15 09:32:02,494044,1331378
0,573,2022-02-15 09:33:02,493990,1331526
0,574,2022-02-15 09:34:03,493990,1331526
0,575,2022-02-15 09:35:01,493990,1331526
0,576,2022-02-15 09:36:03,493982,1331548
0,577,2022-02-15 09:37:02,493982,1331548
0,578,2022-02-15 09:38:02,493768,1332124
0,579,2022-02-15 09:39:03,493848,1331909
0,580,2022-02-15 09:40:02,493836,1331942
0,581,2022-02-15 09:41:06,493899,1331774
0,582,2022-02-15 09:42:02,493899,1331774
0,583,2022-02-15 09:43:03,493863,1331870
0,584,2022-02-15 09:44:02,493882,1331819
0,585,2022-02-15 09:45:02,493882,1331819
0,586,2022-02-15 09:46:02,494072,1331309
0,587,2022-02-15 09:47:02,493894,1331790
0,588,2022-02-15 09:48:02,493844,1331927
0,589,2022-02-15 09:49:02,493844,1331927
0,590,2022-02-15 09:50:04,493844,1331927
0,591,2022-02-15 09:51:02,493844,1331927
0,592,2022-02-15 09:52:01,493844,1331927
0,593,2022-02-15 09:53:02,493854,1331900
0,594,2022-02-15 09:54:04,493864,1331873
0,595,2022-02-15 09:55:04,493864,1331873
0,596,2022-02-15 09:56:03,493980,1331561
0,597,2022-02-15 09:57:03,493980,1331561
0,598,2022-02-15 09:58:03,494306,1330685
0,599,2022-02-15 09:59:03,494306,1330685
0,600,2022-02-15 10:00:02,494272,1330776
0,601,2022-02-15 10:01:02,494340,1330595
0,602,2022-02-15 10:02:03,494340,1330595
0,603,2022-02-15 10:03:03,494340,1330595
0,604,2022-02-15 10:04:02,494304,1330691
0,605,2022-02-15 10:05:03,494101,1331241
0,606,2022-02-15 10:06:01,494065,1331337
0,607,2022-02-15 10:07:01,493851,1331915
0,608,2022-02-15 10:08:02,493637,1332494
0,609,2022-02-15 10:09:02,493666,1332418
0,610,2022-02-15 10:10:02,493666,1332418
0,611,2022-02-15 10:11:04,493660,1332433
0,612,2022-02-15 10:12:02,493814,1332021
0,613,2022-02-15 10:13:02,493814,1332021
0,614,2022-02-15 10:14:02,493814,1332021
0,615,2022-02-15 10:15:02,493814,1332021
0,616,2022-02-15 10:16:02,493824,1331994
0,617,2022-02-15 10:17:04,493824,1331994
0,618,2022-02-15 10:18:01,493811,1332029
0,619,2022-02-15 10:19:04,493803,1332050
0,620,2022-02-15 10:20:02,493803,1332050
0,621,2022-02-15 10:21:02,493838,1331955
0,622,2022-02-15 10:22:02,493822,1332006
0,623,2022-02-15 10:23:02,493822,1332006
0,624,2022-02-15 10:24:02,493764,1332170
0,625,2022-02-15 10:25:02,493757,1332190
0,626,2022-02-15 10:26:02,493800,1332074
0,627,2022-02-15 10:27:02,493800,1332074
0,628,2022-02-15 10:28:01,494038,1331441
0,629,2022-02-15 10:29:02,493785,1332126
0,630,2022-02-15 10:30:02,493797,1332095
0,631,2022-02-15 10:31:02,493761,1332190
0,632,2022-02-15 10:32:01,493761,1332190
0,633,2022-02-15 10:33:02,493761,1332190
0,634,2022-02-15 10:34:02,493676,1332421
0,635,2022-02-15 10:35:01,493669,1332440
0,636,2022-02-15 10:36:03,493669,1332440
0,637,2022-02-15 10:37:03,493862,1331922
0,638,2022-02-15 10:38:02,493862,1331922
0,639,2022-02-15 10:39:02,493862,1331922
0,640,2022-02-15 10:40:03,493676,1332437
0,641,2022-02-15 10:41:04,493676,1332437
0,642,2022-02-15 10:42:03,493669,1332459
0,643,2022-02-15 10:43:01,493682,1332424
0,644,2022-02-15 10:44:02,493747,1332250
0,645,2022-02-15 10:45:02,494081,1331351
0,646,2022-02-15 10:46:02,493671,1332461
0,647,2022-02-15 10:47:03,493669,1332465
0,648,2022-02-15 10:48:02,493679,1332440
0,649,2022-02-15 10:49:02,493679,1332440
0,650,2022-02-15 10:50:02,493651,1332516
0,651,2022-02-15 10:51:03,493631,1332409
0,652,2022-02-15 10:52:02,493641,1332382
0,653,2022-02-15 10:53:02,493666,1332315
0,654,2022-02-15 10:54:02,493666,1332315
0,655,2022-02-15 10:55:02,493691,1332247
0,656,2022-02-15 10:56:03,493691,1332247
0,657,2022-02-15 10:57:01,493728,1332149
0,658,2022-02-15 10:58:06,493728,1332149
0,659,2022-02-15 10:59:03,493742,1332112
0,660,2022-02-15 11:00:02,493742,1332112
0,661,2022-02-15 11:01:02,493742,1332112
0,662,2022-02-15 11:02:02,493756,1332075
0,663,2022-02-15 11:03:02,493651,1332363
0,664,2022-02-15 11:04:02,493695,1332243
0,665,2022-02-15 11:05:02,493685,1332270
0,666,2022-02-15 11:06:03,493685,1332270
0,667,2022-02-15 11:07:06,493722,1332172
0,668,2022-02-15 11:08:02,493718,1332181
0,669,2022-02-15 11:09:02,493697,1332238
0,670,2022-02-15 11:10:03,493653,1332359
0,671,2022-02-15 11:11:02,493653,1332359
0,672,2022-02-15 11:12:02,493653,1332359
0,673,2022-02-15 11:13:03,493643,1332384
0,674,2022-02-15 11:14:02,492990,1334155
0,675,2022-02-15 11:15:02,493015,1334089
0,676,2022-02-15 11:16:03,493015,1334089
0,677,2022-02-15 11:17:02,493015,1334089
0,678,2022-02-15 11:18:02,492836,1334574
0,679,2022-02-15 11:19:03,492839,1334565
0,680,2022-02-15 11:20:01,492861,1334506
0,681,2022-02-15 11:21:03,492888,1334432
0,682,2022-02-15 11:22:02,492888,1334432
0,683,2022-02-15 11:23:02,492722,1334886
0,684,2022-02-15 11:24:02,492722,1334886
0,685,2022-02-15 11:25:03,492722,1334886
0,686,2022-02-15 11:26:02,492722,1334886
0,687,2022-02-15 11:27:01,493618,1332470
0,688,2022-02-15 11:28:02,493618,1332470
0,689,2022-02-15 11:29:03,493618,1332470
0,690,2022-02-15 11:30:02,493546,1332698
0,691,2022-02-15 11:31:04,494677,1329658
0,692,2022-02-15 11:32:02,494677,1329659
0,693,2022-02-15 11:33:02,494667,1329687
0,694,2022-02-15 11:34:03,494631,1329783
0,695,2022-02-15 11:35:07,494617,1329820
0,696,2022-02-15 11:36:02,494959,1328905
0,697,2022-02-15 11:37:02,494969,1328878
0,698,2022-02-15 11:38:03,494969,1328878
0,699,2022-02-15 11:39:02,494919,1329012
0,700,2022-02-15 11:40:07,494726,1329532
0,701,2022-02-15 11:41:02,494721,1329545
0,702,2022-02-15 11:42:02,494713,1329568
0,703,2022-02-15 11:43:03,494713,1329568
0,704,2022-02-15 11:44:07,494713,1329568
0,705,2022-02-15 11:45:03,494714,1329566
0,706,2022-02-15 11:46:02,494968,1328885
0,707,2022-02-15 11:47:02,495186,1328301
0,708,2022-02-15 11:48:01,495186,1328301
0,709,2022-02-15 11:49:03,495186,1328301
0,710,2022-02-15 11:50:02,495186,1328301
0,711,2022-02-15 11:51:03,495044,1328684
0,712,2022-02-15 11:52:02,494743,1329495
0,713,2022-02-15 11:53:02,494676,1329677
0,714,2022-02-15 11:54:03,494638,1329777
0,715,2022-02-15 11:55:03,494638,1329777
0,716,2022-02-15 11:56:08,494502,1330145
0,717,2022-02-15 11:57:02,494051,1331362
0,718,2022-02-15 11:58:02,494103,1331223
0,719,2022-02-15 11:59:03,494064,1331328
0,720,2022-02-15 12:00:01,493691,1332339
0,721,2022-02-15 12:01:01,493672,1332390
0,722,2022-02-15 12:02:02,493459,1332968
0,723,2022-02-15 12:03:02,493243,1333552
0,724,2022-02-15 12:04:03,493243,1333552
0,725,2022-02-15 12:05:02,493278,1333458
0,726,2022-02-15 12:06:06,493288,1333430
0,727,2022-02-15 12:07:04,493337,1333298
0,728,2022-02-15 12:08:01,493007,1334195
0,729,2022-02-15 12:09:02,492999,1334215
0,730,2022-02-15 12:10:03,492999,1334215
0,731,2022-02-15 12:11:02,492999,1334215
0,732,2022-02-15 12:12:03,492999,1334215
0,733,2022-02-15 12:13:02,492999,1334215
0,734,2022-02-15 12:14:02,492999,1334215
0,735,2022-02-15 12:15:05,492978,1334271
0,736,2022-02-15 12:16:01,492978,1334271
0,737,2022-02-15 12:17:02,492996,1334224
0,738,2022-02-15 12:18:02,493026,1334144
0,739,2022-02-15 12:19:01,493012,1334181
0,740,2022-02-15 12:20:02,492979,1334271
0,741,2022-02-15 12:21:01,493007,1334195
0,742,2022-02-15 12:22:02,493007,1334195
0,743,2022-02-15 12:23:04,492774,1334832
0,744,2022-02-15 12:24:02,492913,1334459
0,745,2022-02-15 12:25:01,492913,1334459
0,746,2022-02-15 12:26:02,492923,1334430
0,747,2022-02-15 12:27:03,492923,1334430
0,748,2022-02-15 12:28:02,492740,1334929
0,749,2022-02-15 12:29:03,492774,1334837
0,750,2022-02-15 12:30:02,492788,1334800
0,751,2022-02-15 12:31:03,492788,1334800
0,752,2022-02-15 12:32:02,492765,1334860
0,753,2022-02-15 12:33:02,492745,1334915
0,754,2022-02-15 12:34:02,492754,1334891
0,755,2022-02-15 12:35:03,492724,1334975
0,756,2022-02-15 12:36:02,492812,1334737
0,757,2022-02-15 12:37:02,492812,1334737
0,758,2022-02-15 12:38:02,492812,1334737
0,759,2022-02-15 12:39:02,492791,1334793
0,760,2022-02-15 12:40:02,492791,1334793
0,761,2022-02-15 12:41:02,493741,1332233
0,762,2022-02-15 12:42:05,493693,1332361
0,763,2022-02-15 12:43:02,493693,1332361
0,764,2022-02-15 12:44:03,493702,1332337
0,765,2022-02-15 12:45:02,493702,1332338
0,766,2022-02-15 12:46:02,493697,1332352
0,767,2022-02-15 12:47:03,493707,1332325
0,768,2022-02-15 12:48:02,493706,1332326
0,769,2022-02-15 12:49:01,493716,1332300
0,770,2022-02-15 12:50:01,493511,1332855
0,771,2022-02-15 12:51:03,493511,1332855
0,772,2022-02-15 12:52:03,493511,1332855
0,773,2022-02-15 12:53:01,493511,1332855
0,774,2022-02-15 12:54:02,493439,1333052
0,775,2022-02-15 12:55:02,493439,1333052
0,776,2022-02-15 12:56:02,493297,1333435
0,777,2022-02-15 12:57:02,493162,1333802
0,778,2022-02-15 12:58:02,493162,1333802
0,779,2022-02-15 12:59:04,493199,1333700
0,780,2022-02-15 13:00:04,493251,1333562
0,781,2022-02-15 13:01:02,493316,1333387
0,782,2022-02-15 13:02:02,492595,1335345
0,783,2022-02-15 13:03:02,492618,1335283
0,784,2022-02-15 13:04:02,492213,1336384
0,785,2022-02-15 13:05:02,492224,1336357
0,786,2022-02-15 13:06:03,492225,1336354
0,787,2022-02-15 13:07:03,492225,1336354
0,788,2022-02-15 13:08:03,492225,1336354
0,789,2022-02-15 13:09:08,492325,1336083
0,790,2022-02-15 13:10:04,492098,1336701
0,791,2022-02-15 13:11:02,492069,1336781
0,792,2022-02-15 13:12:02,492002,1336963
0,793,2022-02-15 13:13:02,492004,1336958
0,794,2022-02-15 13:14:02,491915,1337201
0,795,2022-02-15 13:15:02,491961,1337076
0,796,2022-02-15 13:16:05,491972,1337046
0,797,2022-02-15 13:17:01,491972,1337046
0,798,2022-02-15 13:18:03,491972,1337046
0,799,2022-02-15 13:19:04,491972,1337046
0,800,2022-02-15 13:20:02,492931,1334453
0,801,2022-02-15 13:21:02,492919,1334484
0,802,2022-02-15 13:22:02,492649,1335320
0,803,2022-02-15 13:23:02,492649,1335320
0,804,2022-02-15 13:24:01,492642,1335338
0,805,2022-02-15 13:25:02,492642,1335338
0,806,2022-02-15 13:26:03,492642,1335338
0,807,2022-02-15 13:27:03,492657,1335298
0,808,2022-02-15 13:28:02,492657,1335298
0,809,2022-02-15 13:29:02,492657,1335298
0,810,2022-02-15 13:30:03,492657,1335298
0,811,2022-02-15 13:31:05,492657,1335298
0,812,2022-02-15 13:32:03,492657,1335298
0,813,2022-02-15 13:33:01,492657,1335298
0,814,2022-02-15 13:34:02,492657,1335298
0,815,2022-02-15 13:35:02,492650,1335318
0,816,2022-02-15 13:36:02,492537,1335626
0,817,2022-02-15 13:37:04,492152,1336675
0,818,2022-02-15 13:38:02,493252,1333704
0,819,2022-02-15 13:39:01,493252,1333704
0,820,2022-02-15 13:40:02,493243,1333731
0,821,2022-02-15 13:41:08,493243,1333731
0,822,2022-02-15 13:42:03,493259,1333688
0,823,2022-02-15 13:43:03,493241,1333735
0,824,2022-02-15 13:44:02,493301,1333573
0,825,2022-02-15 13:45:06,493361,1333411
0,826,2022-02-15 13:46:02,493361,1333411
0,827,2022-02-15 13:47:03,493332,1333490
0,828,2022-02-15 13:48:03,493332,1333490
0,829,2022-02-15 13:49:02,493328,1333502
0,830,2022-02-15 13:50:09,492951,1334525
0,831,2022-02-15 13:51:02,492751,1335068
0,832,2022-02-15 13:52:02,492544,1335630
0,833,2022-02-15 13:53:02,492538,1335647
0,834,2022-02-15 13:54:01,492522,1335691
0,835,2022-02-15 13:55:02,492239,1336462
0,836,2022-02-15 13:56:02,492028,1337036
0,837,2022-02-15 13:57:03,491865,1337481
0,838,2022-02-15 13:58:02,491865,1337481
0,839,2022-02-15 13:59:02,491865,1337481
0,840,2022-02-15 14:00:07,491895,1337400
0,841,2022-02-15 14:01:02,491895,1337400
0,842,2022-02-15 14:02:02,491895,1337400
0,843,2022-02-15 14:03:03,491859,1337498
0,844,2022-02-15 14:04:02,491859,1337498
0,845,2022-02-15 14:05:02,491893,1337412
0,846,2022-02-15 14:06:02,491893,1337412
0,847,2022-02-15 14:07:03,491893,1337412
0,848,2022-02-15 14:08:02,491893,1337412
0,849,2022-02-15 14:09:02,491889,1337422
0,850,2022-02-15 14:10:03,491889,1337422
0,851,2022-02-15 14:11:02,491889,1337422
0,852,2022-02-15 14:12:02,491920,1337340
0,853,2022-02-15 14:13:04,491920,1337340
0,854,2022-02-15 14:14:04,491881,1337447
0,855,2022-02-15 14:15:04,491919,1337344
0,856,2022-02-15 14:16:01,491919,1337344
0,857,2022-02-15 14:17:03,491931,1337312
0,858,2022-02-15 14:18:06,491951,1337258
0,859,2022-02-15 14:19:01,491858,1337515
0,860,2022-02-15 14:20:02,492305,1336318
0,861,2022-02-15 14:21:02,492305,1336318
0,862,2022-02-15 14:22:02,492305,1336318
0,863,2022-02-15 14:23:03,492305,1336318
0,864,2022-02-15 14:24:02,492261,1336438
0,865,2022-02-15 14:25:02,492275,1336400
0,866,2022-02-15 14:26:03,492275,1336400
0,867,2022-02-15 14:27:02,492275,1336400
0,868,2022-02-15 14:28:02,492338,1336230
0,869,2022-02-15 14:29:03,492202,1336600
0,870,2022-02-15 14:30:03,492173,1336680
0,871,2022-02-15 14:31:03,492173,1336680
0,872,2022-02-15 14:32:02,492226,1336537
0,873,2022-02-15 14:33:04,492486,1335831
0,874,2022-02-15 14:34:02,492486,1335831
0,875,2022-02-15 14:35:02,492486,1335831
0,876,2022-02-15 14:36:01,492449,1335932
0,877,2022-02-15 14:37:06,492279,1336395
0,878,2022-02-15 14:38:02,492279,1336395
0,879,2022-02-15 14:39:01,492279,1336395
0,880,2022-02-15 14:40:04,493683,1332608
0,881,2022-02-15 14:41:09,493672,1332637
0,882,2022-02-15 14:42:02,493672,1332637
0,883,2022-02-15 14:43:02,493699,1332564
0,884,2022-02-15 14:44:02,493726,1332491
0,885,2022-02-15 14:45:03,493826,1332222
0,886,2022-02-15 14:46:02,494214,1331183
0,887,2022-02-15 14:47:02,494211,1331192
0,888,2022-02-15 14:48:01,494162,1331323
0,889,2022-02-15 14:49:03,494200,1331225
0,890,2022-02-15 14:50:02,494285,1330996
0,891,2022-02-15 14:51:01,494274,1331026
0,892,2022-02-15 14:52:01,494251,1331087
0,893,2022-02-15 14:53:03,493326,1333592
0,894,2022-02-15 14:54:01,492992,1334497
0,895,2022-02-15 14:55:02,492992,1334497
0,896,2022-02-15 14:56:03,492997,1334484
0,897,2022-02-15 14:57:02,493230,1333857
0,898,2022-02-15 14:58:02,493127,1334135
0,899,2022-02-15 14:59:02,493126,1334137
0,900,2022-02-15 15:00:07,493119,1334157
0,901,2022-02-15 15:01:02,493119,1334157
0,902,2022-02-15 15:02:02,493119,1334157
0,903,2022-02-15 15:03:02,494095,1331530
0,904,2022-02-15 15:04:03,494095,1331530
0,905,2022-02-15 15:05:03,494106,1331499
0,906,2022-02-15 15:06:01,494106,1331499
0,907,2022-02-15 15:07:02,494106,1331499
0,908,2022-02-15 15:08:03,494106,1331499
0,909,2022-02-15 15:09:08,494137,1331417
0,910,2022-02-15 15:10:02,494146,1331391
0,911,2022-02-15 15:11:02,493716,1332555
0,912,2022-02-15 15:12:02,493706,1332582
0,913,2022-02-15 15:13:06,494817,1329598
0,914,2022-02-15 15:14:03,494823,1329582
0,915,2022-02-15 15:15:02,494671,1329994
0,916,2022-02-15 15:16:03,494671,1329994
0,917,2022-02-15 15:17:03,494651,1330049
0,918,2022-02-15 15:18:05,494651,1330049
0,919,2022-02-15 15:19:03,494651,1330049
0,920,2022-02-15 15:20:02,495939,1326605
0,921,2022-02-15 15:21:02,495939,1326605
0,922,2022-02-15 15:22:08,495971,1326518
0,923,2022-02-15 15:23:03,495952,1326568
0,924,2022-02-15 15:24:02,495992,1326461
0,925,2022-02-15 15:25:02,495989,1326470
0,926,2022-02-15 15:26:01,496126,1326106
0,927,2022-02-15 15:27:02,496107,1326157
0,928,2022-02-15 15:28:01,496101,1326173
0,929,2022-02-15 15:29:04,496101,1326173
0,930,2022-02-15 15:30:02,496100,1326174
0,931,2022-02-15 15:31:03,496115,1326135
0,932,2022-02-15 15:32:01,495706,1327232
0,933,2022-02-15 15:33:08,495688,1327281
0,934,2022-02-15 15:34:02,495688,1327281
0,935,2022-02-15 15:35:02,495854,1327826
0,936,2022-02-15 15:36:03,495789,1328001
0,937,2022-02-15 15:37:03,495799,1327973
0,938,2022-02-15 15:38:02,494326,1331944
0,939,2022-02-15 15:39:02,494326,1331944
0,940,2022-02-15 15:40:03,494326,1331944
0,941,2022-02-15 15:41:03,493546,1334053
0,942,2022-02-15 15:42:02,493547,1334051
0,943,2022-02-15 15:43:01,493536,1334081
0,944,2022-02-15 15:44:04,493360,1334559
0,945,2022-02-15 15:45:01,493360,1334559
0,946,2022-02-15 15:46:06,493329,1334642
0,947,2022-02-15 15:47:02,493024,1335471
0,948,2022-02-15 15:48:03,493024,1335471
0,949,2022-02-15 15:49:04,494434,1331674
0,950,2022-02-15 15:50:01,494469,1331580
0,951,2022-02-15 15:51:02,494500,1331497
